{
  "accuracy": 0.9508196721311475,
  "classification_report": {
    "0": {
      "precision": 0.9524680073126143,
      "recall": 0.9980842911877394,
      "f1-score": 0.9747427502338635,
      "support": 522.0
    },
    "1": {
      "precision": 0.5,
      "recall": 0.037037037037037035,
      "f1-score": 0.06896551724137931,
      "support": 27.0
    },
    "accuracy": 0.9508196721311475,
    "macro avg": {
      "precision": 0.7262340036563071,
      "recall": 0.5175606641123882,
      "f1-score": 0.5218541337376214,
      "support": 549.0
    },
    "weighted avg": {
      "precision": 0.9302154823628136,
      "recall": 0.9508196721311475,
      "f1-score": 0.9301963289391512,
      "support": 549.0
    }
  },
  "precision_0": 0.9524680073126143,
  "recall_0": 0.9980842911877394,
  "f1_0": 0.9747427502338635,
  "precision_1": 0.5,
  "recall_1": 0.037037037037037035,
  "f1_1": 0.06896551724137931,
  "roc_auc": 0.6153682418050234,
  "n_test": 549,
  "class_distribution_test": {
    "0": 522,
    "1": 27
  },
  "n_train": 1647,
  "feature_columns": [
    "anomaly_tmean_c",
    "roll_mean_3",
    "roll_mean_6",
    "roll_std_3",
    "roll_std_6",
    "delta_1m",
    "delta_3m",
    "max_lagged_corr",
    "lead_lag_months",
    "sin_month",
    "cos_month"
  ],
  "target_column": "is_event_next_month"
}