{
  "accuracy": 0.9489981785063752,
  "classification_report": {
    "0": {
      "precision": 0.9507299270072993,
      "recall": 0.9980842911877394,
      "f1-score": 0.9738317757009346,
      "support": 522.0
    },
    "1": {
      "precision": 0.0,
      "recall": 0.0,
      "f1-score": 0.0,
      "support": 27.0
    },
    "accuracy": 0.9489981785063752,
    "macro avg": {
      "precision": 0.47536496350364965,
      "recall": 0.4990421455938697,
      "f1-score": 0.4869158878504673,
      "support": 549.0
    },
    "weighted avg": {
      "precision": 0.9039727174823502,
      "recall": 0.9489981785063752,
      "f1-score": 0.9259384096828558,
      "support": 549.0
    }
  },
  "precision_0": 0.9507299270072993,
  "recall_0": 0.9980842911877394,
  "f1_0": 0.9738317757009346,
  "precision_1": 0.0,
  "recall_1": 0.0,
  "f1_1": 0.0,
  "roc_auc": 0.6154391939832553,
  "n_test": 549,
  "class_distribution_test": {
    "0": 522,
    "1": 27
  },
  "n_train": 1647,
  "feature_columns": [
    "anomaly_tmean_c",
    "roll_mean_3",
    "roll_mean_6",
    "roll_std_3",
    "roll_std_6",
    "delta_1m",
    "delta_3m",
    "max_lagged_corr",
    "lead_lag_months",
    "sin_month",
    "cos_month"
  ],
  "target_column": "is_event_next_month"
}